,ID,Name,Age,Salary,Company,Bonus
0,1,Employee_1,,43768,Apple,0
1,2,Employee_2,,97117,Microsoft,0
2,3,Employee_3,,77941,Netflix,0
3,4,Employee_4,,69993,Facebook,0
4,5,Employee_5,35.0,102120,Facebook,0
5,6,Employee_6,50.0,71249,Microsoft,0
6,7,Employee_7,51.0,82684,Microsoft,0
7,8,Employee_8,37.0,134407,Google,0
8,9,Employee_9,38.0,65842,Microsoft,0
9,10,Employee_10,57.0,68531,Google,0
10,11,Employee_11,44.0,97850,Apple,0
11,12,Employee_12,29.0,74889,Microsoft,0
12,13,Employee_13,42.0,55852,Amazon,0
13,14,Employee_14,32.0,121983,Netflix,0
14,15,Employee_15,29.0,125293,Apple,0
15,16,Employee_16,58.0,54977,Apple,0
16,17,Employee_17,31.0,86734,Netflix,0
17,18,Employee_18,46.0,112550,Apple,0
18,19,Employee_19,42.0,31948,Google,0
19,20,Employee_20,34.0,62926,Apple,0
20,21,Employee_21,57.0,77221,Microsoft,0
21,22,Employee_22,34.0,114583,Amazon,0
22,23,Employee_23,27.0,126833,Microsoft,0
23,24,Employee_24,35.0,94130,Apple,0
24,25,Employee_25,42.0,75210,Netflix,0
25,26,Employee_26,59.0,99666,Amazon,0
26,27,Employee_27,24.0,81524,Amazon,0
27,28,Employee_28,42.0,86021,Apple,0
28,29,Employee_29,46.0,110413,Microsoft,0
29,30,Employee_30,29.0,94958,Netflix,0
30,31,Employee_31,35.0,130412,Netflix,0
31,32,Employee_32,54.0,130550,Google,0
32,33,Employee_33,56.0,90051,Microsoft,0
33,34,Employee_34,49.0,52514,Google,0
34,35,Employee_35,41.0,124263,Microsoft,0
35,36,Employee_36,25.0,54296,Microsoft,0
36,37,Employee_37,21.0,103592,Apple,0
37,38,Employee_38,57.0,63258,Facebook,0
38,39,Employee_39,26.0,48368,Amazon,0
39,40,Employee_40,47.0,61259,Facebook,0
40,41,Employee_41,51.0,59978,Netflix,0
41,42,Employee_42,25.0,149686,Google,0
42,43,Employee_43,28.0,50097,Microsoft,0
43,44,Employee_44,31.0,144096,Amazon,0
44,45,Employee_45,58.0,72108,Microsoft,0
45,46,Employee_46,26.0,94141,Facebook,0
46,47,Employee_47,57.0,75361,Google,0
47,48,Employee_48,28.0,145120,Google,0
48,49,Employee_49,45.0,129099,Microsoft,0
49,50,Employee_50,29.0,59975,Amazon,0
50,51,Employee_51,49.0,36082,Facebook,0
51,52,Employee_52,52.0,75525,Microsoft,0
52,53,Employee_53,49.0,75047,Google,0
53,54,Employee_54,58.0,121084,Apple,0
54,55,Employee_55,35.0,42076,Amazon,0
55,56,Employee_56,41.0,57706,Amazon,0
56,57,Employee_57,28.0,121901,Google,0
57,58,Employee_58,33.0,101180,Amazon,0
58,59,Employee_59,35.0,99628,Google,0
59,60,Employee_60,46.0,149318,Apple,0
60,61,Employee_61,28.0,73241,Apple,0
61,62,Employee_62,45.0,64978,Amazon,0
62,63,Employee_63,33.0,86623,Google,0
63,64,Employee_64,39.0,67396,Facebook,0
64,65,Employee_65,49.0,58049,Apple,0
65,66,Employee_66,40.0,113418,Netflix,0
66,67,Employee_67,55.0,55606,Apple,0
67,68,Employee_68,49.0,79303,Netflix,0
68,69,Employee_69,36.0,46912,Netflix,0
69,70,Employee_70,30.0,42129,Google,0
70,71,Employee_71,52.0,124143,Apple,0
71,72,Employee_72,59.0,94561,Amazon,0
72,73,Employee_73,39.0,106017,Facebook,0
73,74,Employee_74,54.0,30362,Apple,0
74,75,Employee_75,41.0,121839,Google,0
75,76,Employee_76,25.0,102326,Netflix,0
76,77,Employee_77,26.0,84174,Netflix,0
77,78,Employee_78,45.0,85281,Facebook,0
78,79,Employee_79,21.0,112457,Microsoft,0
79,80,Employee_80,45.0,44089,Amazon,0
80,81,Employee_81,21.0,76833,Apple,0
81,82,Employee_82,26.0,58605,Google,0
82,83,Employee_83,47.0,71653,Facebook,0
83,84,Employee_84,25.0,79767,Facebook,0
84,85,Employee_85,23.0,136265,Facebook,0
85,86,Employee_86,40.0,33535,Apple,0
86,87,Employee_87,36.0,32645,Google,0
87,88,Employee_88,22.0,137406,Amazon,0
88,89,Employee_89,34.0,87625,Amazon,0
89,90,Employee_90,37.0,148114,Apple,0
90,91,Employee_91,57.0,82750,Apple,0
91,92,Employee_92,30.0,80589,Facebook,0
92,93,Employee_93,27.0,118405,Microsoft,0
93,94,Employee_94,21.0,146446,Amazon,0
94,95,Employee_95,23.0,95654,Apple,0
95,96,Employee_96,44.0,63682,Google,0
96,97,Employee_97,30.0,34939,Apple,0
97,98,Employee_98,57.0,136277,Apple,0
98,99,Employee_99,39.0,74572,Google,0
99,100,Employee_100,50.0,139014,Apple,0
100,101,Employee_101,35.0,67968,Netflix,0
101,102,Employee_102,44.0,34148,Facebook,0
102,103,Employee_103,56.0,75814,Amazon,0
103,104,Employee_104,32.0,32207,Google,0
104,105,Employee_105,23.0,115755,Netflix,0
105,106,Employee_106,24.0,66654,Google,0
106,107,Employee_107,52.0,136607,Google,0
107,108,Employee_108,45.0,38737,Amazon,0
108,109,Employee_109,57.0,106891,Google,0
109,110,Employee_110,31.0,136425,Facebook,0
110,111,Employee_111,43.0,107944,Netflix,0
111,112,Employee_112,45.0,119196,Amazon,0
112,113,Employee_113,49.0,114045,Facebook,0
113,114,Employee_114,57.0,85639,Facebook,0
114,115,Employee_115,59.0,128070,Amazon,0
115,116,Employee_116,32.0,44843,Amazon,0
116,117,Employee_117,21.0,137663,Google,0
117,118,Employee_118,44.0,112714,Facebook,0
118,119,Employee_119,44.0,111694,Microsoft,0
119,120,Employee_120,38.0,69279,Google,0
120,121,Employee_121,59.0,39583,Facebook,0
121,122,Employee_122,42.0,65988,Facebook,0
122,123,Employee_123,52.0,116386,Apple,0
123,124,Employee_124,54.0,140331,Microsoft,0
124,125,Employee_125,29.0,31403,Microsoft,0
125,126,Employee_126,57.0,120930,Microsoft,0
126,127,Employee_127,55.0,97617,Apple,0
127,128,Employee_128,39.0,91128,Google,0
128,129,Employee_129,29.0,50447,Google,0
129,130,Employee_130,43.0,121709,Microsoft,0
130,131,Employee_131,50.0,143413,Facebook,0
131,132,Employee_132,26.0,72897,Amazon,0
132,133,Employee_133,29.0,122782,Google,0
133,134,Employee_134,55.0,125782,Facebook,0
134,135,Employee_135,42.0,104638,Microsoft,0
135,136,Employee_136,33.0,131706,Amazon,0
136,137,Employee_137,47.0,112006,Microsoft,0
137,138,Employee_138,25.0,101646,Apple,0
138,139,Employee_139,52.0,47828,Netflix,0
139,140,Employee_140,32.0,143556,Apple,0
140,141,Employee_141,37.0,79589,Amazon,0
141,142,Employee_142,46.0,144639,Apple,0
142,143,Employee_143,43.0,83250,Microsoft,0
143,144,Employee_144,55.0,144932,Amazon,0
144,145,Employee_145,36.0,129203,Facebook,0
145,146,Employee_146,38.0,36791,Netflix,0
146,147,Employee_147,35.0,147466,Facebook,0
147,148,Employee_148,42.0,120315,Apple,0
148,149,Employee_149,54.0,74750,Netflix,0
149,150,Employee_150,29.0,30851,Netflix,0
150,151,Employee_151,52.0,39660,Microsoft,0
151,152,Employee_152,32.0,131732,Amazon,0
152,153,Employee_153,25.0,105879,Facebook,0
153,154,Employee_154,36.0,64553,Amazon,0
154,155,Employee_155,56.0,135952,Facebook,0
155,156,Employee_156,22.0,97545,Netflix,0
156,157,Employee_157,47.0,31979,Apple,0
157,158,Employee_158,44.0,82910,Apple,0
158,159,Employee_159,47.0,73316,Apple,0
159,160,Employee_160,49.0,41720,Netflix,0
160,161,Employee_161,29.0,114079,Apple,0
161,162,Employee_162,25.0,82455,Facebook,0
162,163,Employee_163,43.0,41661,Apple,0
163,164,Employee_164,45.0,85672,Netflix,0
164,165,Employee_165,48.0,97450,Amazon,0
165,166,Employee_166,57.0,90103,Netflix,0
166,167,Employee_167,28.0,51936,Microsoft,0
167,168,Employee_168,40.0,53926,Netflix,0
168,169,Employee_169,21.0,72328,Apple,0
169,170,Employee_170,39.0,38269,Microsoft,0
170,171,Employee_171,58.0,113190,Netflix,0
171,172,Employee_172,34.0,137138,Google,0
172,173,Employee_173,50.0,61274,Netflix,0
173,174,Employee_174,57.0,127070,Amazon,0
174,175,Employee_175,31.0,128783,Netflix,0
175,176,Employee_176,54.0,45106,Amazon,0
176,177,Employee_177,34.0,50158,Google,0
177,178,Employee_178,24.0,39385,Facebook,0
178,179,Employee_179,24.0,130894,Amazon,0
179,180,Employee_180,38.0,61327,Google,0
180,181,Employee_181,22.0,127029,Netflix,0
181,182,Employee_182,49.0,49323,Amazon,0
182,183,Employee_183,42.0,85942,Google,0
183,184,Employee_184,39.0,41849,Facebook,0
184,185,Employee_185,56.0,54672,Netflix,0
185,186,Employee_186,59.0,91430,Facebook,0
186,187,Employee_187,37.0,51156,Microsoft,0
187,188,Employee_188,53.0,109985,Facebook,0
188,189,Employee_189,54.0,36473,Google,0
189,190,Employee_190,57.0,103884,Microsoft,0
190,191,Employee_191,57.0,45826,Microsoft,0
191,192,Employee_192,58.0,53960,Facebook,0
192,193,Employee_193,44.0,119462,Facebook,0
193,194,Employee_194,55.0,34438,Netflix,0
194,195,Employee_195,27.0,138656,Netflix,0
195,196,Employee_196,55.0,96879,Microsoft,0
196,197,Employee_197,30.0,80251,Microsoft,0
197,198,Employee_198,58.0,45466,Google,0
198,199,Employee_199,39.0,66130,Amazon,0
199,200,Employee_200,38.0,119854,Google,0
200,201,Employee_201,45.0,137769,Apple,0
201,202,Employee_202,35.0,129299,Amazon,0
202,203,Employee_203,34.0,148477,Microsoft,0
203,204,Employee_204,59.0,47283,Facebook,0
204,205,Employee_205,48.0,134543,Apple,0
205,206,Employee_206,21.0,89372,Netflix,0
206,207,Employee_207,29.0,100219,Microsoft,0
207,208,Employee_208,43.0,108754,Apple,0
208,209,Employee_209,36.0,143272,Microsoft,0
209,210,Employee_210,57.0,43661,Netflix,0
210,211,Employee_211,27.0,47246,Apple,0
211,212,Employee_212,58.0,108053,Netflix,0
212,213,Employee_213,28.0,106231,Microsoft,0
213,214,Employee_214,44.0,35440,Amazon,0
214,215,Employee_215,33.0,74091,Amazon,0
215,216,Employee_216,38.0,81182,Microsoft,0
216,217,Employee_217,40.0,134062,Netflix,0
217,218,Employee_218,48.0,91700,Amazon,0
218,219,Employee_219,44.0,32613,Facebook,0
219,220,Employee_220,40.0,142551,Apple,0
220,221,Employee_221,42.0,71640,Amazon,0
221,222,Employee_222,57.0,120419,Netflix,0
222,223,Employee_223,32.0,83866,Apple,0
223,224,Employee_224,21.0,101343,Google,0
224,225,Employee_225,34.0,60048,Netflix,0
225,226,Employee_226,23.0,130163,Apple,0
226,227,Employee_227,45.0,89356,Amazon,0
227,228,Employee_228,42.0,132675,Netflix,0
228,229,Employee_229,56.0,55772,Netflix,0
229,230,Employee_230,46.0,31848,Netflix,0
230,231,Employee_231,55.0,78945,Netflix,0
231,232,Employee_232,45.0,115428,Facebook,0
232,233,Employee_233,33.0,115948,Google,0
233,234,Employee_234,27.0,79997,Microsoft,0
234,235,Employee_235,52.0,63583,Apple,0
235,236,Employee_236,25.0,143772,Netflix,0
236,237,Employee_237,49.0,65946,Apple,0
237,238,Employee_238,38.0,140163,Amazon,0
238,239,Employee_239,31.0,115141,Microsoft,0
239,240,Employee_240,56.0,81483,Apple,0
240,241,Employee_241,31.0,138365,Apple,0
241,242,Employee_242,34.0,65567,Google,0
242,243,Employee_243,50.0,40189,Apple,0
243,244,Employee_244,25.0,57849,Microsoft,0
244,245,Employee_245,37.0,50485,Facebook,0
245,246,Employee_246,30.0,136790,Apple,0
246,247,Employee_247,49.0,136616,Google,0
247,248,Employee_248,31.0,55188,Netflix,0
248,249,Employee_249,39.0,91463,Facebook,0
249,250,Employee_250,30.0,98675,Amazon,0
250,251,Employee_251,24.0,95452,Facebook,0
251,252,Employee_252,39.0,92802,Microsoft,0
252,253,Employee_253,43.0,126190,Amazon,0
253,254,Employee_254,42.0,108432,Amazon,0
254,255,Employee_255,47.0,58071,Apple,0
255,256,Employee_256,34.0,51751,Amazon,0
256,257,Employee_257,39.0,38120,Apple,0
257,258,Employee_258,45.0,76275,Microsoft,0
258,259,Employee_259,26.0,135251,Google,0
259,260,Employee_260,48.0,62184,Google,0
260,261,Employee_261,51.0,44320,Amazon,0
261,262,Employee_262,30.0,61858,Apple,0
262,263,Employee_263,50.0,78617,Amazon,0
263,264,Employee_264,29.0,78857,Facebook,0
264,265,Employee_265,34.0,87661,Google,0
265,266,Employee_266,41.0,95098,Facebook,0
266,267,Employee_267,31.0,104362,Apple,0
267,268,Employee_268,45.0,115347,Amazon,0
268,269,Employee_269,23.0,101776,Google,0
269,270,Employee_270,30.0,141351,Facebook,0
270,271,Employee_271,24.0,37728,Microsoft,0
271,272,Employee_272,46.0,54229,Microsoft,0
272,273,Employee_273,26.0,53361,Netflix,0
273,274,Employee_274,31.0,30389,Apple,0
274,275,Employee_275,40.0,147680,Google,0
275,276,Employee_276,43.0,97811,Facebook,0
276,277,Employee_277,54.0,118341,Amazon,0
277,278,Employee_278,48.0,146739,Facebook,0
278,279,Employee_279,39.0,33700,Microsoft,0
279,280,Employee_280,40.0,111367,Google,0
280,281,Employee_281,53.0,129519,Netflix,0
281,282,Employee_282,49.0,34353,Google,0
282,283,Employee_283,47.0,110067,Facebook,0
283,284,Employee_284,28.0,67673,Netflix,0
284,285,Employee_285,24.0,113349,Facebook,0
285,286,Employee_286,41.0,133199,Apple,0
286,287,Employee_287,43.0,116191,Netflix,0
287,288,Employee_288,41.0,134290,Apple,0
288,289,Employee_289,57.0,49234,Apple,0
289,290,Employee_290,29.0,102272,Facebook,0
290,291,Employee_291,24.0,105372,Microsoft,0
291,292,Employee_292,46.0,99982,Amazon,0
292,293,Employee_293,33.0,31761,Microsoft,0
293,294,Employee_294,24.0,60319,Facebook,0
294,295,Employee_295,24.0,56855,Facebook,0
295,296,Employee_296,59.0,44128,Google,0
296,297,Employee_297,44.0,44727,Google,0
297,298,Employee_298,51.0,106324,Microsoft,0
298,299,Employee_299,36.0,56937,Microsoft,0
299,300,Employee_300,27.0,112978,Amazon,0
300,301,Employee_301,48.0,138389,Amazon,0
301,302,Employee_302,22.0,57309,Netflix,0
302,303,Employee_303,58.0,131851,Microsoft,0
303,304,Employee_304,56.0,88668,Apple,0
304,305,Employee_305,30.0,61584,Amazon,0
305,306,Employee_306,33.0,105254,Amazon,0
306,307,Employee_307,32.0,115575,Amazon,0
307,308,Employee_308,27.0,51069,Microsoft,0
308,309,Employee_309,27.0,144246,Google,0
309,310,Employee_310,22.0,111936,Facebook,0
310,311,Employee_311,39.0,73446,Microsoft,0
311,312,Employee_312,42.0,71908,Apple,0
312,313,Employee_313,54.0,52331,Amazon,0
313,314,Employee_314,56.0,119802,Google,0
314,315,Employee_315,48.0,86464,Amazon,0
315,316,Employee_316,36.0,139196,Google,0
316,317,Employee_317,45.0,145100,Amazon,0
317,318,Employee_318,54.0,54151,Netflix,0
318,319,Employee_319,34.0,102904,Microsoft,0
319,320,Employee_320,34.0,76881,Amazon,0
320,321,Employee_321,55.0,78228,Apple,0
321,322,Employee_322,48.0,133973,Apple,0
322,323,Employee_323,47.0,90829,Microsoft,0
323,324,Employee_324,47.0,50587,Netflix,0
324,325,Employee_325,47.0,54491,Apple,0
325,326,Employee_326,27.0,76942,Facebook,0
326,327,Employee_327,22.0,109188,Netflix,0
327,328,Employee_328,54.0,126668,Microsoft,0
328,329,Employee_329,29.0,46471,Netflix,0
329,330,Employee_330,21.0,70355,Apple,0
330,331,Employee_331,44.0,111351,Facebook,0
331,332,Employee_332,54.0,108096,Apple,0
332,333,Employee_333,21.0,92583,Apple,0
333,334,Employee_334,53.0,65511,Apple,0
334,335,Employee_335,41.0,76257,Facebook,0
335,336,Employee_336,28.0,85644,Google,0
336,337,Employee_337,33.0,149211,Apple,0
337,338,Employee_338,37.0,130571,Apple,0
338,339,Employee_339,23.0,30524,Netflix,0
339,340,Employee_340,30.0,115808,Google,0
340,341,Employee_341,33.0,100524,Facebook,0
341,342,Employee_342,50.0,95069,Google,0
342,343,Employee_343,39.0,76881,Netflix,0
343,344,Employee_344,38.0,132853,Netflix,0
344,345,Employee_345,26.0,85041,Apple,0
345,346,Employee_346,37.0,81411,Facebook,0
346,347,Employee_347,25.0,132329,Facebook,0
347,348,Employee_348,42.0,55869,Apple,0
348,349,Employee_349,55.0,92671,Facebook,0
349,350,Employee_350,38.0,41846,Apple,0
350,351,Employee_351,40.0,80462,Amazon,0
351,352,Employee_352,42.0,65269,Google,0
352,353,Employee_353,50.0,54185,Microsoft,0
353,354,Employee_354,44.0,79003,Amazon,0
354,355,Employee_355,32.0,70764,Amazon,0
355,356,Employee_356,24.0,148895,Google,0
356,357,Employee_357,58.0,122787,Facebook,0
357,358,Employee_358,41.0,146082,Netflix,0
358,359,Employee_359,24.0,45720,Google,0
359,360,Employee_360,59.0,60502,Amazon,0
360,361,Employee_361,53.0,133923,Microsoft,0
361,362,Employee_362,52.0,93197,Microsoft,0
362,363,Employee_363,48.0,114262,Netflix,0
363,364,Employee_364,39.0,116178,Google,0
364,365,Employee_365,59.0,123531,Amazon,0
365,366,Employee_366,46.0,128543,Netflix,0
366,367,Employee_367,40.0,91817,Amazon,0
367,368,Employee_368,52.0,73917,Amazon,0
368,369,Employee_369,31.0,127912,Microsoft,0
369,370,Employee_370,58.0,84503,Netflix,0
370,371,Employee_371,25.0,68483,Google,0
371,372,Employee_372,27.0,86999,Apple,0
372,373,Employee_373,21.0,84500,Microsoft,0
373,374,Employee_374,51.0,51296,Amazon,0
374,375,Employee_375,33.0,101752,Apple,0
375,376,Employee_376,46.0,102802,Apple,0
376,377,Employee_377,28.0,148778,Google,0
377,378,Employee_378,47.0,118762,Netflix,0
378,379,Employee_379,52.0,100439,Amazon,0
379,380,Employee_380,59.0,94434,Netflix,0
380,381,Employee_381,23.0,62129,Facebook,0
381,382,Employee_382,44.0,32858,Facebook,0
382,383,Employee_383,51.0,34707,Facebook,0
383,384,Employee_384,57.0,144404,Google,0
384,385,Employee_385,53.0,66146,Netflix,0
385,386,Employee_386,50.0,147030,Microsoft,0
386,387,Employee_387,30.0,34372,Facebook,0
387,388,Employee_388,32.0,35587,Apple,0
388,389,Employee_389,29.0,36405,Netflix,0
389,390,Employee_390,56.0,38210,Amazon,0
390,391,Employee_391,46.0,104977,Apple,0
391,392,Employee_392,59.0,140400,Microsoft,0
392,393,Employee_393,57.0,67831,Google,0
393,394,Employee_394,57.0,33377,Google,0
394,395,Employee_395,30.0,35540,Netflix,0
395,396,Employee_396,43.0,123710,Amazon,0
396,397,Employee_397,35.0,124621,Google,0
397,398,Employee_398,48.0,113439,Microsoft,0
398,399,Employee_399,50.0,45286,Microsoft,0
399,400,Employee_400,51.0,105397,Amazon,0
400,401,Employee_401,58.0,126059,Microsoft,0
401,402,Employee_402,23.0,57161,Microsoft,0
402,403,Employee_403,41.0,36551,Apple,0
403,404,Employee_404,34.0,98215,Apple,0
404,405,Employee_405,27.0,140320,Facebook,0
405,406,Employee_406,59.0,39117,Facebook,0
406,407,Employee_407,32.0,144379,Microsoft,0
407,408,Employee_408,41.0,34583,Amazon,0
408,409,Employee_409,28.0,45934,Netflix,0
409,410,Employee_410,35.0,91054,Amazon,0
410,411,Employee_411,56.0,129015,Netflix,0
411,412,Employee_412,34.0,54134,Apple,0
412,413,Employee_413,47.0,117403,Google,0
413,414,Employee_414,53.0,70420,Netflix,0
414,415,Employee_415,55.0,54394,Google,0
415,416,Employee_416,32.0,54488,Netflix,0
416,417,Employee_417,51.0,106309,Google,0
417,418,Employee_418,36.0,76046,Netflix,0
418,419,Employee_419,33.0,53170,Google,0
419,420,Employee_420,27.0,77782,Facebook,0
420,421,Employee_421,26.0,36048,Microsoft,0
421,422,Employee_422,37.0,72079,Amazon,0
422,423,Employee_423,47.0,42419,Apple,0
423,424,Employee_424,23.0,36063,Google,0
424,425,Employee_425,37.0,39435,Amazon,0
425,426,Employee_426,31.0,30513,Apple,0
426,427,Employee_427,36.0,136110,Amazon,0
427,428,Employee_428,25.0,101138,Apple,0
428,429,Employee_429,58.0,79749,Facebook,0
429,430,Employee_430,43.0,115431,Apple,0
430,431,Employee_431,59.0,37938,Microsoft,0
431,432,Employee_432,58.0,41524,Facebook,0
432,433,Employee_433,47.0,87559,Microsoft,0
433,434,Employee_434,54.0,115231,Facebook,0
434,435,Employee_435,42.0,41833,Facebook,0
435,436,Employee_436,29.0,66297,Apple,0
436,437,Employee_437,54.0,147342,Facebook,0
437,438,Employee_438,49.0,117458,Facebook,0
438,439,Employee_439,24.0,37214,Microsoft,0
439,440,Employee_440,23.0,137654,Apple,0
440,441,Employee_441,51.0,125989,Google,0
441,442,Employee_442,35.0,102984,Apple,0
442,443,Employee_443,41.0,30637,Apple,0
443,444,Employee_444,56.0,125872,Google,0
444,445,Employee_445,37.0,114222,Facebook,0
445,446,Employee_446,48.0,53557,Amazon,0
446,447,Employee_447,26.0,132893,Google,0
447,448,Employee_448,28.0,92195,Facebook,0
448,449,Employee_449,31.0,84523,Microsoft,0
449,450,Employee_450,37.0,104638,Apple,0
450,451,Employee_451,46.0,35555,Google,0
451,452,Employee_452,40.0,60167,Apple,0
452,453,Employee_453,46.0,35221,Netflix,0
453,454,Employee_454,50.0,130998,Google,0
454,455,Employee_455,26.0,101097,Google,0
455,456,Employee_456,45.0,144274,Amazon,0
456,457,Employee_457,48.0,124865,Netflix,0
457,458,Employee_458,31.0,105433,Microsoft,0
458,459,Employee_459,27.0,54267,Amazon,0
459,460,Employee_460,24.0,99651,Facebook,0
460,461,Employee_461,50.0,78088,Amazon,0
461,462,Employee_462,41.0,90295,Apple,0
462,463,Employee_463,56.0,79908,Facebook,0
463,464,Employee_464,52.0,68242,Netflix,0
464,465,Employee_465,52.0,47883,Google,0
465,466,Employee_466,25.0,42330,Amazon,0
466,467,Employee_467,42.0,53619,Amazon,0
467,468,Employee_468,52.0,109646,Amazon,0
468,469,Employee_469,51.0,109921,Amazon,0
469,470,Employee_470,49.0,98979,Microsoft,0
470,471,Employee_471,26.0,45067,Apple,0
471,472,Employee_472,55.0,74102,Amazon,0
472,473,Employee_473,57.0,88907,Amazon,0
473,474,Employee_474,43.0,45605,Amazon,0
474,475,Employee_475,22.0,100577,Microsoft,0
475,476,Employee_476,26.0,95432,Microsoft,0
476,477,Employee_477,25.0,36100,Amazon,0
477,478,Employee_478,22.0,57222,Google,0
478,479,Employee_479,43.0,114809,Netflix,0
479,480,Employee_480,26.0,121502,Netflix,0
480,481,Employee_481,26.0,140876,Facebook,0
481,482,Employee_482,55.0,118156,Netflix,0
482,483,Employee_483,48.0,75927,Amazon,0
483,484,Employee_484,40.0,128125,Facebook,0
484,485,Employee_485,25.0,92459,Amazon,0
485,486,Employee_486,28.0,58069,Netflix,0
486,487,Employee_487,52.0,31007,Google,0
487,488,Employee_488,36.0,136230,Apple,0
488,489,Employee_489,50.0,82477,Microsoft,0
489,490,Employee_490,39.0,146434,Apple,0
490,491,Employee_491,58.0,35171,Microsoft,0
491,492,Employee_492,27.0,54051,Google,0
492,493,Employee_493,30.0,74056,Apple,0
493,494,Employee_494,58.0,137000,Google,0
494,495,Employee_495,44.0,80677,Microsoft,0
495,496,Employee_496,43.0,136764,Facebook,0
496,497,Employee_497,46.0,134774,Amazon,0
497,498,Employee_498,38.0,140826,Netflix,0
498,499,Employee_499,37.0,106818,Apple,0
499,500,Employee_500,23.0,80550,Netflix,0
500,501,Employee_501,44.0,118762,Microsoft,0
501,502,Employee_502,57.0,125766,Netflix,0
502,503,Employee_503,47.0,126703,Netflix,0
503,504,Employee_504,35.0,51441,Amazon,0
504,505,Employee_505,41.0,112959,Netflix,0
505,506,Employee_506,51.0,131547,Microsoft,0
506,507,Employee_507,23.0,147059,Amazon,0
507,508,Employee_508,37.0,59431,Microsoft,0
508,509,Employee_509,32.0,134711,Netflix,0
509,510,Employee_510,28.0,47967,Amazon,0
510,511,Employee_511,55.0,65993,Facebook,0
511,512,Employee_512,47.0,88561,Amazon,0
512,513,Employee_513,52.0,103048,Google,0
513,514,Employee_514,36.0,61074,Netflix,0
514,515,Employee_515,50.0,78086,Amazon,0
515,516,Employee_516,29.0,35763,Netflix,0
516,517,Employee_517,33.0,135371,Apple,0
517,518,Employee_518,57.0,65464,Facebook,0
518,519,Employee_519,47.0,49377,Amazon,0
519,520,Employee_520,32.0,118001,Amazon,0
520,521,Employee_521,24.0,35963,Apple,0
521,522,Employee_522,28.0,73541,Microsoft,0
522,523,Employee_523,48.0,128517,Apple,0
523,524,Employee_524,48.0,61284,Amazon,0
524,525,Employee_525,32.0,110061,Google,0
525,526,Employee_526,54.0,46205,Microsoft,0
526,527,Employee_527,39.0,121321,Microsoft,0
527,528,Employee_528,38.0,107776,Facebook,0
528,529,Employee_529,38.0,58999,Netflix,0
529,530,Employee_530,42.0,43548,Apple,0
530,531,Employee_531,35.0,104230,Facebook,0
531,532,Employee_532,30.0,139370,Google,0
532,533,Employee_533,25.0,59471,Facebook,0
533,534,Employee_534,31.0,121400,Amazon,0
534,535,Employee_535,33.0,84627,Facebook,0
535,536,Employee_536,49.0,70967,Amazon,0
536,537,Employee_537,32.0,117560,Google,0
537,538,Employee_538,29.0,123595,Apple,0
538,539,Employee_539,32.0,50437,Google,0
539,540,Employee_540,28.0,102911,Facebook,0
540,541,Employee_541,54.0,37885,Netflix,0
541,542,Employee_542,37.0,93109,Google,0
542,543,Employee_543,36.0,134718,Apple,0
543,544,Employee_544,45.0,44739,Google,0
544,545,Employee_545,38.0,101251,Apple,0
545,546,Employee_546,28.0,111889,Amazon,0
546,547,Employee_547,53.0,138484,Facebook,0
547,548,Employee_548,55.0,77408,Netflix,0
548,549,Employee_549,53.0,39478,Amazon,0
549,550,Employee_550,42.0,102379,Facebook,0
550,551,Employee_551,31.0,56634,Netflix,0
551,552,Employee_552,27.0,39480,Google,0
552,553,Employee_553,42.0,77206,Netflix,0
553,554,Employee_554,22.0,99487,Google,0
554,555,Employee_555,54.0,148895,Facebook,0
555,556,Employee_556,25.0,71303,Apple,0
556,557,Employee_557,28.0,78969,Amazon,0
557,558,Employee_558,31.0,138706,Microsoft,0
558,559,Employee_559,43.0,103974,Google,0
559,560,Employee_560,38.0,109308,Amazon,0
560,561,Employee_561,51.0,40949,Netflix,0
561,562,Employee_562,59.0,81207,Microsoft,0
562,563,Employee_563,34.0,34322,Amazon,0
563,564,Employee_564,27.0,140277,Facebook,0
564,565,Employee_565,26.0,95884,Netflix,0
565,566,Employee_566,48.0,98254,Amazon,0
566,567,Employee_567,37.0,53220,Amazon,0
567,568,Employee_568,40.0,109906,Google,0
568,569,Employee_569,54.0,102831,Google,0
569,570,Employee_570,51.0,85243,Google,0
570,571,Employee_571,41.0,139120,Microsoft,0
571,572,Employee_572,58.0,95931,Google,0
572,573,Employee_573,49.0,149262,Amazon,0
573,574,Employee_574,24.0,36024,Amazon,0
574,575,Employee_575,22.0,54525,Google,0
575,576,Employee_576,44.0,45961,Netflix,0
576,577,Employee_577,51.0,68419,Amazon,0
577,578,Employee_578,53.0,83236,Netflix,0
578,579,Employee_579,42.0,146636,Amazon,0
579,580,Employee_580,24.0,124659,Microsoft,0
580,581,Employee_581,30.0,111564,Google,0
581,582,Employee_582,23.0,68838,Amazon,0
582,583,Employee_583,40.0,111408,Facebook,0
583,584,Employee_584,50.0,148257,Google,0
584,585,Employee_585,53.0,87645,Microsoft,0
585,586,Employee_586,40.0,103348,Amazon,0
586,587,Employee_587,52.0,142572,Amazon,0
587,588,Employee_588,24.0,70580,Facebook,0
588,589,Employee_589,40.0,110791,Apple,0
589,590,Employee_590,33.0,98167,Netflix,0
590,591,Employee_591,41.0,109636,Netflix,0
591,592,Employee_592,36.0,37015,Netflix,0
592,593,Employee_593,26.0,93935,Facebook,0
593,594,Employee_594,37.0,105000,Microsoft,0
594,595,Employee_595,44.0,63474,Amazon,0
595,596,Employee_596,37.0,48128,Google,0
596,597,Employee_597,52.0,63568,Microsoft,0
597,598,Employee_598,25.0,41474,Amazon,0
598,599,Employee_599,34.0,34193,Netflix,0
599,600,Employee_600,54.0,44477,Netflix,0
600,601,Employee_601,41.0,78590,Microsoft,0
601,602,Employee_602,26.0,127689,Amazon,0
602,603,Employee_603,32.0,149432,Amazon,0
603,604,Employee_604,27.0,96524,Google,0
604,605,Employee_605,26.0,100511,Netflix,0
605,606,Employee_606,59.0,136437,Google,0
606,607,Employee_607,53.0,142520,Microsoft,0
607,608,Employee_608,54.0,68381,Google,0
608,609,Employee_609,30.0,120374,Facebook,0
609,610,Employee_610,22.0,108984,Google,0
610,611,Employee_611,22.0,100771,Amazon,0
611,612,Employee_612,57.0,72510,Apple,0
612,613,Employee_613,46.0,49104,Netflix,0
613,614,Employee_614,50.0,137743,Facebook,0
614,615,Employee_615,53.0,41256,Google,0
615,616,Employee_616,39.0,89093,Amazon,0
616,617,Employee_617,39.0,141257,Amazon,0
617,618,Employee_618,58.0,58167,Google,0
618,619,Employee_619,44.0,137822,Microsoft,0
619,620,Employee_620,50.0,109730,Google,0
620,621,Employee_621,44.0,57035,Apple,0
621,622,Employee_622,55.0,144574,Amazon,0
622,623,Employee_623,48.0,102906,Netflix,0
623,624,Employee_624,21.0,119955,Amazon,0
624,625,Employee_625,43.0,132023,Amazon,0
625,626,Employee_626,57.0,78323,Apple,0
626,627,Employee_627,43.0,71489,Amazon,0
627,628,Employee_628,22.0,70252,Google,0
628,629,Employee_629,32.0,78697,Microsoft,0
629,630,Employee_630,26.0,93558,Apple,0
630,631,Employee_631,43.0,138159,Microsoft,0
631,632,Employee_632,30.0,123075,Google,0
632,633,Employee_633,48.0,82487,Facebook,0
633,634,Employee_634,55.0,108377,Amazon,0
634,635,Employee_635,29.0,43748,Netflix,0
635,636,Employee_636,59.0,75178,Netflix,0
636,637,Employee_637,41.0,122274,Facebook,0
637,638,Employee_638,59.0,121468,Apple,0
638,639,Employee_639,37.0,103806,Facebook,0
639,640,Employee_640,44.0,110332,Google,0
640,641,Employee_641,38.0,137467,Google,0
641,642,Employee_642,44.0,117290,Amazon,0
642,643,Employee_643,40.0,30076,Facebook,0
643,644,Employee_644,48.0,143306,Apple,0
644,645,Employee_645,30.0,63868,Netflix,0
645,646,Employee_646,56.0,137943,Facebook,0
646,647,Employee_647,34.0,80810,Microsoft,0
647,648,Employee_648,57.0,144788,Apple,0
648,649,Employee_649,40.0,73654,Amazon,0
649,650,Employee_650,59.0,64329,Netflix,0
650,651,Employee_651,54.0,59428,Facebook,0
651,652,Employee_652,51.0,107595,Apple,0
652,653,Employee_653,51.0,122945,Google,0
653,654,Employee_654,21.0,128585,Apple,0
654,655,Employee_655,58.0,118366,Netflix,0
655,656,Employee_656,48.0,86199,Microsoft,0
656,657,Employee_657,35.0,60512,Microsoft,0
657,658,Employee_658,43.0,83312,Facebook,0
658,659,Employee_659,35.0,88144,Facebook,0
659,660,Employee_660,42.0,99906,Google,0
660,661,Employee_661,28.0,30975,Google,0
661,662,Employee_662,25.0,105118,Amazon,0
662,663,Employee_663,25.0,86592,Netflix,0
663,664,Employee_664,49.0,121302,Microsoft,0
664,665,Employee_665,34.0,135427,Netflix,0
665,666,Employee_666,35.0,54104,Facebook,0
666,667,Employee_667,33.0,47891,Microsoft,0
667,668,Employee_668,56.0,66100,Microsoft,0
668,669,Employee_669,59.0,97138,Facebook,0
669,670,Employee_670,52.0,38520,Google,0
670,671,Employee_671,29.0,85351,Apple,0
671,672,Employee_672,54.0,53756,Netflix,0
672,673,Employee_673,59.0,117152,Amazon,0
673,674,Employee_674,36.0,135105,Microsoft,0
674,675,Employee_675,55.0,83553,Google,0
675,676,Employee_676,55.0,110585,Microsoft,0
676,677,Employee_677,23.0,140073,Microsoft,0
677,678,Employee_678,33.0,32453,Facebook,0
678,679,Employee_679,36.0,31317,Netflix,0
679,680,Employee_680,39.0,34962,Microsoft,0
680,681,Employee_681,39.0,112907,Facebook,0
681,682,Employee_682,43.0,140804,Netflix,0
682,683,Employee_683,38.0,94896,Netflix,0
683,684,Employee_684,24.0,144161,Microsoft,0
684,685,Employee_685,43.0,32637,Facebook,0
685,686,Employee_686,22.0,94013,Microsoft,0
686,687,Employee_687,58.0,62611,Amazon,0
687,688,Employee_688,40.0,143746,Google,0
688,689,Employee_689,59.0,55020,Apple,0
689,690,Employee_690,56.0,73231,Facebook,0
690,691,Employee_691,43.0,92507,Apple,0
691,692,Employee_692,25.0,141663,Netflix,0
692,693,Employee_693,26.0,134923,Microsoft,0
693,694,Employee_694,46.0,43329,Google,0
694,695,Employee_695,57.0,104622,Facebook,0
695,696,Employee_696,47.0,141464,Google,0
696,697,Employee_697,56.0,55864,Microsoft,0
697,698,Employee_698,21.0,135007,Facebook,0
698,699,Employee_699,40.0,71571,Microsoft,0
699,700,Employee_700,59.0,72367,Google,0
700,701,Employee_701,25.0,92206,Microsoft,0
701,702,Employee_702,39.0,44742,Apple,0
702,703,Employee_703,22.0,53961,Microsoft,0
703,704,Employee_704,25.0,48957,Microsoft,0
704,705,Employee_705,35.0,106527,Apple,0
705,706,Employee_706,45.0,75560,Apple,0
706,707,Employee_707,53.0,105751,Netflix,0
707,708,Employee_708,57.0,120671,Amazon,0
708,709,Employee_709,39.0,109999,Facebook,0
709,710,Employee_710,48.0,59743,Google,0
710,711,Employee_711,53.0,116271,Apple,0
711,712,Employee_712,46.0,49971,Apple,0
712,713,Employee_713,52.0,62944,Apple,0
713,714,Employee_714,53.0,142671,Netflix,0
714,715,Employee_715,53.0,132191,Microsoft,0
715,716,Employee_716,40.0,51617,Netflix,0
716,717,Employee_717,41.0,68359,Netflix,0
717,718,Employee_718,31.0,149913,Amazon,0
718,719,Employee_719,36.0,39164,Facebook,0
719,720,Employee_720,40.0,132906,Microsoft,0
720,721,Employee_721,47.0,34675,Apple,0
721,722,Employee_722,21.0,76408,Apple,0
722,723,Employee_723,37.0,37460,Apple,0
723,724,Employee_724,38.0,88576,Google,0
724,725,Employee_725,50.0,124231,Google,0
725,726,Employee_726,55.0,65044,Apple,0
726,727,Employee_727,22.0,120143,Microsoft,0
727,728,Employee_728,59.0,59278,Facebook,0
728,729,Employee_729,54.0,30170,Google,0
729,730,Employee_730,35.0,62473,Apple,0
730,731,Employee_731,28.0,135426,Google,0
731,732,Employee_732,52.0,93707,Amazon,0
732,733,Employee_733,42.0,30197,Google,0
733,734,Employee_734,52.0,72951,Google,0
734,735,Employee_735,59.0,111756,Microsoft,0
735,736,Employee_736,51.0,70054,Microsoft,0
736,737,Employee_737,41.0,87917,Microsoft,0
737,738,Employee_738,30.0,48533,Google,0
738,739,Employee_739,35.0,40980,Microsoft,0
739,740,Employee_740,39.0,44546,Facebook,0
740,741,Employee_741,41.0,96087,Apple,0
741,742,Employee_742,57.0,106486,Apple,0
742,743,Employee_743,43.0,100302,Google,0
743,744,Employee_744,21.0,105484,Netflix,0
744,745,Employee_745,37.0,82853,Amazon,0
745,746,Employee_746,47.0,96971,Netflix,0
746,747,Employee_747,27.0,33833,Google,0
747,748,Employee_748,21.0,112606,Google,0
748,749,Employee_749,44.0,75503,Google,0
749,750,Employee_750,51.0,88198,Google,0
750,751,Employee_751,46.0,59161,Amazon,0
751,752,Employee_752,36.0,114636,Facebook,0
752,753,Employee_753,44.0,67976,Microsoft,0
753,754,Employee_754,43.0,69503,Netflix,0
754,755,Employee_755,24.0,143259,Microsoft,0
755,756,Employee_756,44.0,54758,Apple,0
756,757,Employee_757,53.0,145629,Amazon,0
757,758,Employee_758,54.0,32723,Netflix,0
758,759,Employee_759,22.0,134114,Netflix,0
759,760,Employee_760,39.0,128946,Amazon,0
760,761,Employee_761,52.0,115945,Netflix,0
761,762,Employee_762,49.0,122471,Facebook,0
762,763,Employee_763,29.0,95822,Apple,0
763,764,Employee_764,38.0,113807,Apple,0
764,765,Employee_765,58.0,60812,Microsoft,0
765,766,Employee_766,51.0,106497,Netflix,0
766,767,Employee_767,23.0,69933,Google,0
767,768,Employee_768,59.0,137917,Microsoft,0
768,769,Employee_769,23.0,83622,Microsoft,0
769,770,Employee_770,28.0,108190,Microsoft,0
770,771,Employee_771,46.0,75481,Google,0
771,772,Employee_772,36.0,51996,Apple,0
772,773,Employee_773,45.0,31365,Amazon,0
773,774,Employee_774,36.0,58338,Google,0
774,775,Employee_775,53.0,49811,Google,0
775,776,Employee_776,28.0,112674,Amazon,0
776,777,Employee_777,40.0,74969,Amazon,0
777,778,Employee_778,44.0,36951,Microsoft,0
778,779,Employee_779,51.0,141490,Amazon,0
779,780,Employee_780,50.0,54679,Netflix,0
780,781,Employee_781,23.0,49108,Microsoft,0
781,782,Employee_782,23.0,116118,Amazon,0
782,783,Employee_783,41.0,139607,Apple,0
783,784,Employee_784,52.0,115112,Netflix,0
784,785,Employee_785,53.0,143477,Amazon,0
785,786,Employee_786,25.0,98616,Amazon,0
786,787,Employee_787,39.0,148167,Amazon,0
787,788,Employee_788,51.0,91449,Netflix,0
788,789,Employee_789,41.0,132375,Apple,0
789,790,Employee_790,41.0,145116,Microsoft,0
790,791,Employee_791,47.0,82023,Apple,0
791,792,Employee_792,38.0,54133,Netflix,0
792,793,Employee_793,44.0,35995,Netflix,0
793,794,Employee_794,40.0,85008,Apple,0
794,795,Employee_795,36.0,134833,Facebook,0
795,796,Employee_796,59.0,149647,Netflix,0
796,797,Employee_797,31.0,79878,Google,0
797,798,Employee_798,40.0,109642,Apple,0
798,799,Employee_799,29.0,32628,Netflix,0
799,800,Employee_800,27.0,48270,Amazon,0
800,801,Employee_801,27.0,125169,Apple,0
801,802,Employee_802,59.0,130707,Microsoft,0
802,803,Employee_803,23.0,32212,Google,0
803,804,Employee_804,45.0,113633,Netflix,0
804,805,Employee_805,28.0,131901,Apple,0
805,806,Employee_806,38.0,145380,Microsoft,0
806,807,Employee_807,47.0,33783,Apple,0
807,808,Employee_808,23.0,122053,Facebook,0
808,809,Employee_809,22.0,144747,Google,0
809,810,Employee_810,58.0,92180,Google,0
810,811,Employee_811,58.0,144751,Apple,0
811,812,Employee_812,42.0,115828,Facebook,0
812,813,Employee_813,51.0,127296,Google,0
813,814,Employee_814,21.0,67678,Apple,0
814,815,Employee_815,28.0,30359,Netflix,0
815,816,Employee_816,44.0,123708,Netflix,0
816,817,Employee_817,27.0,51065,Amazon,0
817,818,Employee_818,57.0,76707,Facebook,0
818,819,Employee_819,25.0,51650,Facebook,0
819,820,Employee_820,46.0,84244,Apple,0
820,821,Employee_821,46.0,130296,Apple,0
821,822,Employee_822,50.0,116680,Apple,0
822,823,Employee_823,53.0,99673,Google,0
823,824,Employee_824,48.0,84214,Netflix,0
824,825,Employee_825,26.0,52074,Google,0
825,826,Employee_826,29.0,108760,Amazon,0
826,827,Employee_827,28.0,90871,Amazon,0
827,828,Employee_828,45.0,41791,Facebook,0
828,829,Employee_829,28.0,31422,Microsoft,0
829,830,Employee_830,35.0,64913,Amazon,0
830,831,Employee_831,30.0,106428,Amazon,0
831,832,Employee_832,21.0,116305,Microsoft,0
832,833,Employee_833,43.0,121866,Apple,0
833,834,Employee_834,28.0,107732,Netflix,0
834,835,Employee_835,54.0,51569,Netflix,0
835,836,Employee_836,38.0,50941,Apple,0
836,837,Employee_837,27.0,72566,Microsoft,0
837,838,Employee_838,22.0,149359,Facebook,0
838,839,Employee_839,35.0,63274,Apple,0
839,840,Employee_840,34.0,77273,Apple,0
840,841,Employee_841,28.0,128136,Google,0
841,842,Employee_842,57.0,38978,Facebook,0
842,843,Employee_843,39.0,45377,Amazon,0
843,844,Employee_844,49.0,56394,Apple,0
844,845,Employee_845,26.0,137465,Facebook,0
845,846,Employee_846,32.0,35407,Microsoft,0
846,847,Employee_847,39.0,146692,Google,0
847,848,Employee_848,26.0,93075,Apple,0
848,849,Employee_849,23.0,68977,Google,0
849,850,Employee_850,41.0,35522,Microsoft,0
850,851,Employee_851,44.0,55472,Microsoft,0
851,852,Employee_852,35.0,65102,Amazon,0
852,853,Employee_853,31.0,102018,Google,0
853,854,Employee_854,30.0,98788,Netflix,0
854,855,Employee_855,55.0,66391,Facebook,0
855,856,Employee_856,51.0,119074,Netflix,0
856,857,Employee_857,42.0,105772,Google,0
857,858,Employee_858,58.0,148751,Microsoft,0
858,859,Employee_859,50.0,146732,Amazon,0
859,860,Employee_860,47.0,69028,Facebook,0
860,861,Employee_861,21.0,78465,Microsoft,0
861,862,Employee_862,31.0,77435,Microsoft,0
862,863,Employee_863,55.0,73927,Google,0
863,864,Employee_864,49.0,77834,Apple,0
864,865,Employee_865,25.0,93556,Apple,0
865,866,Employee_866,31.0,115436,Microsoft,0
866,867,Employee_867,55.0,32378,Apple,0
867,868,Employee_868,24.0,34590,Facebook,0
868,869,Employee_869,52.0,54969,Apple,0
869,870,Employee_870,26.0,138993,Google,0
870,871,Employee_871,24.0,107968,Apple,0
871,872,Employee_872,51.0,56996,Google,0
872,873,Employee_873,41.0,91315,Netflix,0
873,874,Employee_874,28.0,50771,Netflix,0
874,875,Employee_875,22.0,46436,Netflix,0
875,876,Employee_876,41.0,86411,Google,0
876,877,Employee_877,21.0,92578,Facebook,0
877,878,Employee_878,41.0,134506,Amazon,0
878,879,Employee_879,31.0,98834,Amazon,0
879,880,Employee_880,23.0,139762,Facebook,0
880,881,Employee_881,26.0,97867,Apple,0
881,882,Employee_882,39.0,63012,Google,0
882,883,Employee_883,37.0,104213,Microsoft,0
883,884,Employee_884,55.0,79650,Facebook,0
884,885,Employee_885,42.0,109220,Apple,0
885,886,Employee_886,30.0,123358,Microsoft,0
886,887,Employee_887,59.0,80027,Microsoft,0
887,888,Employee_888,21.0,130002,Amazon,0
888,889,Employee_889,39.0,69337,Netflix,0
889,890,Employee_890,26.0,137631,Netflix,0
890,891,Employee_891,29.0,118623,Apple,0
891,892,Employee_892,53.0,57414,Google,0
892,893,Employee_893,33.0,148269,Netflix,0
893,894,Employee_894,46.0,82188,Amazon,0
894,895,Employee_895,51.0,81190,Microsoft,0
895,896,Employee_896,58.0,140991,Facebook,0
896,897,Employee_897,38.0,142345,Amazon,0
897,898,Employee_898,21.0,103428,Facebook,0
898,899,Employee_899,38.0,134740,Amazon,0
899,900,Employee_900,54.0,79419,Apple,0
900,901,Employee_901,33.0,79633,Facebook,0
901,902,Employee_902,35.0,131961,Google,0
902,903,Employee_903,33.0,62184,Netflix,0
903,904,Employee_904,31.0,93457,Microsoft,0
904,905,Employee_905,50.0,78418,Google,0
905,906,Employee_906,50.0,110365,Google,0
906,907,Employee_907,54.0,34123,Facebook,0
907,908,Employee_908,54.0,134473,Google,0
908,909,Employee_909,28.0,55332,Google,0
909,910,Employee_910,42.0,141434,Apple,0
910,911,Employee_911,41.0,39383,Netflix,0
911,912,Employee_912,44.0,42964,Google,0
912,913,Employee_913,22.0,119306,Amazon,0
913,914,Employee_914,46.0,145140,Amazon,0
914,915,Employee_915,50.0,56937,Apple,0
915,916,Employee_916,56.0,75958,Apple,0
916,917,Employee_917,36.0,68698,Microsoft,0
917,918,Employee_918,39.0,136656,Google,0
918,919,Employee_919,42.0,132230,Facebook,0
919,920,Employee_920,57.0,122664,Microsoft,0
920,921,Employee_921,41.0,30040,Google,0
921,922,Employee_922,52.0,85594,Apple,0
922,923,Employee_923,52.0,55850,Google,0
923,924,Employee_924,53.0,98403,Google,0
924,925,Employee_925,27.0,132120,Facebook,0
925,926,Employee_926,32.0,90741,Amazon,0
926,927,Employee_927,26.0,43598,Facebook,0
927,928,Employee_928,30.0,147245,Microsoft,0
928,929,Employee_929,36.0,46691,Netflix,0
929,930,Employee_930,58.0,145230,Amazon,0
930,931,Employee_931,37.0,95358,Facebook,0
931,932,Employee_932,46.0,132212,Microsoft,0
932,933,Employee_933,44.0,132350,Amazon,0
933,934,Employee_934,59.0,75072,Microsoft,0
934,935,Employee_935,46.0,89508,Apple,0
935,936,Employee_936,23.0,63119,Google,0
936,937,Employee_937,45.0,66198,Amazon,0
937,938,Employee_938,54.0,64438,Apple,0
938,939,Employee_939,44.0,44667,Facebook,0
939,940,Employee_940,58.0,113693,Facebook,0
940,941,Employee_941,31.0,47027,Facebook,0
941,942,Employee_942,40.0,52847,Google,0
942,943,Employee_943,36.0,36509,Netflix,0
943,944,Employee_944,27.0,33774,Google,0
944,945,Employee_945,51.0,136946,Apple,0
945,946,Employee_946,26.0,135669,Apple,0
946,947,Employee_947,29.0,32274,Facebook,0
947,948,Employee_948,24.0,62142,Facebook,0
948,949,Employee_949,48.0,110034,Facebook,0
949,950,Employee_950,39.0,79878,Apple,0
950,951,Employee_951,56.0,109925,Google,0
951,952,Employee_952,22.0,69463,Apple,0
952,953,Employee_953,58.0,101957,Google,0
953,954,Employee_954,34.0,140760,Apple,0
954,955,Employee_955,56.0,147273,Amazon,0
955,956,Employee_956,58.0,90462,Google,0
956,957,Employee_957,55.0,52453,Apple,0
957,958,Employee_958,22.0,32053,Netflix,0
958,959,Employee_959,47.0,33641,Microsoft,0
959,960,Employee_960,57.0,74202,Microsoft,0
960,961,Employee_961,21.0,51388,Google,0
961,962,Employee_962,22.0,63745,Facebook,0
962,963,Employee_963,51.0,80383,Microsoft,0
963,964,Employee_964,44.0,90315,Netflix,0
964,965,Employee_965,47.0,36599,Amazon,0
965,966,Employee_966,30.0,130493,Netflix,0
966,967,Employee_967,34.0,74388,Google,0
967,968,Employee_968,44.0,104810,Microsoft,0
968,969,Employee_969,57.0,88091,Google,0
969,970,Employee_970,59.0,107047,Netflix,0
970,971,Employee_971,53.0,49193,Google,0
971,972,Employee_972,47.0,138955,Facebook,0
972,973,Employee_973,56.0,56785,Netflix,0
973,974,Employee_974,53.0,128449,Microsoft,0
974,975,Employee_975,21.0,47200,Facebook,0
975,976,Employee_976,23.0,147192,Google,0
976,977,Employee_977,36.0,143878,Apple,0
977,978,Employee_978,34.0,34835,Apple,0
978,979,Employee_979,22.0,41114,Apple,0
979,980,Employee_980,23.0,126702,Facebook,0
980,981,Employee_981,52.0,57587,Apple,0
981,982,Employee_982,39.0,119590,Facebook,0
982,983,Employee_983,31.0,53250,Netflix,0
983,984,Employee_984,22.0,136127,Microsoft,0
984,985,Employee_985,49.0,104393,Google,0
985,986,Employee_986,56.0,142295,Amazon,0
986,987,Employee_987,49.0,147293,Google,0
987,988,Employee_988,21.0,71149,Google,0
988,989,Employee_989,45.0,143072,Google,0
989,990,Employee_990,34.0,148787,Microsoft,0
990,991,Employee_991,38.0,87285,Amazon,0
991,992,Employee_992,59.0,83458,Netflix,0
992,993,Employee_993,43.0,110753,Apple,0
993,994,Employee_994,54.0,43387,Amazon,0
994,995,Employee_995,46.0,68287,Amazon,0
995,996,Employee_996,49.0,49569,Google,0
996,997,Employee_997,38.0,57442,Google,0
997,998,Employee_998,47.0,87916,Netflix,0
998,999,Employee_999,52.0,76577,Microsoft,0
999,1000,Employee_1000,23.0,66510,Facebook,0
